condition,cut,penalty_before_usd,penalty_after_usd,savings_usd
AMI,0.05,376834777.0741546,341806541.7854768,35028235.28867781
AMI,0.1,376834777.0741546,327171897.1691264,49662879.905028224
AMI,0.2,376834777.0741546,320496491.75564396,56338285.31851065
CABG,0.05,376834777.0741546,351184043.8258455,25650733.248309135
CABG,0.1,376834777.0741546,338083718.8676351,38751058.206519544
CABG,0.2,376834777.0741546,328588101.7986311,48246675.27552354
COPD,0.05,376834777.0741546,362949681.5523657,13885095.521788895
COPD,0.1,376834777.0741546,358990829.7474328,17843947.326721787
COPD,0.2,376834777.0741546,358343858.5835511,18490918.490603507
HF,0.05,376834777.0741546,321253744.2152294,55581032.85892522
HF,0.1,376834777.0741546,298055970.2690431,78778806.80511153
HF,0.2,376834777.0741546,292152448.4983136,84682328.57584101
HIP-KNEE,0.05,376834777.0741546,361328851.8554913,15505925.218663335
HIP-KNEE,0.1,376834777.0741546,350311069.7112186,26523707.36293602
HIP-KNEE,0.2,376834777.0741546,337636335.4106782,39198441.66347641
PN,0.05,376834777.0741546,304592644.44537586,72242132.62877876
PN,0.1,376834777.0741546,270121351.8423369,106713425.23181772
PN,0.2,376834777.0741546,256062046.67284405,120772730.40131056
