state,n_hospitals,n_penalized,share_penalized,avg_penalty_pct,estimated_penalty_usd
AZ,63,51.0,0.8095238095238095,0.31539682539682534,7395705.988599992
CA,273,217.0,0.7948717948717948,0.321098901098901,45162839.2017
CO,51,23.0,0.45098039215686275,0.09529411764705883,1555646.4980999925
CT,25,23.0,0.92,0.41239999999999993,5030066.635499973
GA,92,77.0,0.8369565217391305,0.31836956521739124,9367683.995599985
KY,59,53.0,0.8983050847457628,0.4852542372881357,6209414.598799997
ME,15,7.0,0.4666666666666667,0.19533333333333333,305844.891800001
MA,53,47.0,0.8867924528301887,0.837169811320755,26768985.1973
SD,16,13.0,0.8125,0.29312499999999997,829325.4753999853
UT,31,17.0,0.5483870967741935,0.2096774193548387,721450.9456999903
WA,46,29.0,0.6304347826086957,0.10108695652173907,2019121.0034999896
NH,13,12.0,0.9230769230769231,0.28769230769230775,1362808.1844999883
NV,20,18.0,0.9,0.43499999999999994,4139460.176399993
RI,10,6.0,0.6,0.354,850248.521699992
AR,42,33.0,0.7857142857142857,0.3371428571428572,3641612.4376999964
FL,167,155.0,0.9281437125748503,0.5006586826347306,41710168.88629994
KS,44,26.0,0.5909090909090909,0.24727272727272726,2081493.4364999896
MN,46,30.0,0.6521739130434783,0.15195652173913046,2365949.938799998
NC,78,64.0,0.8205128205128205,0.3193589743589743,6104411.795700012
OK,71,47.0,0.6619718309859155,0.3177464788732394,3707337.416499983
TX,273,193.0,0.706959706959707,0.3223076923076922,23270287.34189996
AK,8,6.0,0.75,0.355,1112416.443599999
WV,24,19.0,0.7916666666666666,0.4041666666666666,3393308.2036000057
VT,6,5.0,0.8333333333333334,0.2083333333333333,156296.14629999586
ID,14,6.0,0.42857142857142855,0.047857142857142855,190353.3453999953
IN,79,64.0,0.810126582278481,0.32493670886075965,7362939.12070001
LA,79,51.0,0.6455696202531646,0.31962025316455706,4782768.335100006
MO,63,54.0,0.8571428571428571,0.3395238095238095,6862873.908300016
NE,23,15.0,0.6521739130434783,0.17304347826086958,994825.2111999973
NM,25,15.0,0.6,0.18440000000000004,651651.9672999947
OH,116,97.0,0.8362068965517241,0.38413793103448274,12374350.62530001
OR,32,17.0,0.53125,0.06937499999999999,661237.9433999943
VA,71,56.0,0.7887323943661971,0.33690140845070427,8564994.03709998
WI,65,43.0,0.6615384615384615,0.22738461538461543,2930023.0144999847
HI,11,10.0,0.9090909090909091,0.18545454545454546,687264.2643999911
DC,6,5.0,0.8333333333333334,0.13,462455.6841999979
AL,73,60.0,0.821917808219178,0.36424657534246585,6448409.454199984
IL,114,100.0,0.8771929824561403,0.42201754385964907,19557661.523099996
IA,30,20.0,0.6666666666666666,0.27133333333333337,2016280.8088000012
MI,85,72.0,0.8470588235294118,0.3625882352941177,9726865.770799996
MS,54,46.0,0.8518518518518519,0.3494444444444444,4730626.0839
NJ,61,56.0,0.9180327868852459,0.6283606557377049,22686903.377399966
NY,127,104.0,0.8188976377952756,0.3625984251968504,28082239.03299999
PA,128,114.0,0.890625,0.38445312499999995,20937752.309399936
SC,51,43.0,0.8431372549019608,0.32509803921568625,7105802.174799987
TN,76,60.0,0.7894736842105263,0.4073684210526316,8185738.159699991
ND,7,6.0,0.8571428571428571,0.09285714285714287,190746.50179998978
WY,8,7.0,0.875,0.15125,368256.8508999979
DE,6,4.0,0.6666666666666666,0.16333333333333333,665291.5901000008
MT,11,7.0,0.6363636363636364,0.10363636363636362,328830.8684999918
